78.155.51.20,ME,Herceg Novi,08
190.15.194.50,AR,Mendoza,M
99.65.54.207,US,Orange Park,FL
190.15.194.50,AR,Mendoza,M
24.12.124.111,US,Oswego,IL
204.88.251.53,US,Arroyo Grande,CA
203.52.130.216,AU,Hobart,TAS
197.242.100.151,NG,Ajah,LA
67.182.178.228,US,Stockton,CA
209.190.238.162,US,Rockville,MD
105.227.139.58,ZA,Cape Town,WC
209.190.238.162,US,Rockville,MD
190.15.194.50,AR,Mendoza,M
209.190.238.162,US,Rockville,MD
209.190.238.162,US,Rockville,MD
76.6.42.86,US,Unknown,UNK
128.163.8.20,US,Lexington,KY
139.142.210.215,CA,Winnipeg,MB
209.190.238.162,US,Rockville,MD
72.25.34.142,US,Unknown,UNK
209.190.238.162,US,Rockville,MD
209.190.238.162,US,Rockville,MD
220.239.229.143,AU,Collaroy,NSW
209.190.238.162,US,Rockville,MD
8.34.56.9,US,Unknown,UNK
173.13.244.225,US,Washington,DC
148.160.250.14,SE,Bor√•s,O
209.190.238.162,US,Rockville,MD
24.206.32.166,US,Durham,NC
78.155.51.20,ME,Herceg Novi,08
24.12.124.111,US,Oswego,IL
67.213.42.127,US,Advance,NC
